{"columns":["Year","LandAverageTemperature","land_avg_fahrenheit","Period"],"index":[107,108,109,110,111,112,113,114,115,116,117,118,119,120,121,122,123,124,125,126,127,128,129,130,131,132,133,134,135,136,137,138,139,140,141,142,143,144,145,146,147,148,149,150,151,152,153,154,155,156,157,158,159,160,161,162,163,164,165,166,167,168,169,170,171,172,173,174,175,176,177,178,179,180,181,182,183,184,185,186,187,188,189,190,191,192,193,194,195,196,197,198,199,200,201,202,203,204,205,206,207,208,209,210,211,212,213,214,215,216,217,218,219,220],"data":[[1900,8.5015833333,47.30285,8],[1901,8.5419166667,47.37545,9],[1902,8.3044166667,46.94795,10],[1903,8.2201666667,46.7963,1],[1904,8.0909166667,46.56365,2],[1905,8.2251666667,46.8053,3],[1906,8.3790833333,47.08235,4],[1907,7.9471666667,46.3049,5],[1908,8.1860833333,46.73495,6],[1909,8.17825,46.72085,7],[1910,8.223,46.8014,8],[1911,8.177,46.7186,9],[1912,8.1654166667,46.69775,10],[1913,8.29775,46.93595,1],[1914,8.5905,47.4629,2],[1915,8.5931666667,47.4677,3],[1916,8.22525,46.80545,4],[1917,8.0233333333,46.442,5],[1918,8.1308333333,46.6355,6],[1919,8.38225,47.08805,7],[1920,8.35875,47.04575,8],[1921,8.571,47.4278,9],[1922,8.408,47.1344,10],[1923,8.4221666667,47.1599,1],[1924,8.5068333333,47.3123,2],[1925,8.5344166667,47.36195,3],[1926,8.7288333333,47.7119,4],[1927,8.5220833333,47.33975,5],[1928,8.6321666667,47.5379,6],[1929,8.2424166667,46.83635,7],[1930,8.6335833333,47.54045,8],[1931,8.71925,47.69465,9],[1932,8.70525,47.66945,10],[1933,8.33825,47.00885,1],[1934,8.6283333333,47.531,2],[1935,8.51575,47.32835,3],[1936,8.554,47.3972,4],[1937,8.6983333333,47.657,5],[1938,8.8636666667,47.9546,6],[1939,8.7603333333,47.7686,7],[1940,8.7646666667,47.7764,8],[1941,8.7686666667,47.7836,9],[1942,8.7284166667,47.71115,10],[1943,8.7550833333,47.75915,1],[1944,8.845,47.921,2],[1945,8.5848333333,47.4527,3],[1946,8.6769166667,47.61845,4],[1947,8.7970833333,47.83475,5],[1948,8.74675,47.74415,6],[1949,8.58675,47.45615,7],[1950,8.36525,47.05745,8],[1951,8.6256666667,47.5262,9],[1952,8.63825,47.54885,10],[1953,8.87375,47.97275,1],[1954,8.5606666667,47.4092,2],[1955,8.62625,47.52725,3],[1956,8.2795833333,46.90325,4],[1957,8.7325,47.7185,5],[1958,8.77375,47.79275,6],[1959,8.7326666667,47.7188,7],[1960,8.58375,47.45075,8],[1961,8.7976666667,47.8358,9],[1962,8.7459166667,47.74265,10],[1963,8.856,47.9408,1],[1964,8.4096666667,47.1374,2],[1965,8.5274166667,47.34935,3],[1966,8.5993333333,47.4788,4],[1967,8.7000833333,47.66015,5],[1968,8.5163333333,47.3294,6],[1969,8.5950833333,47.47115,7],[1970,8.7009166667,47.66165,8],[1971,8.59925,47.47865,9],[1972,8.4995833333,47.29925,10],[1973,8.94825,48.10685,1],[1974,8.4675,47.2415,2],[1975,8.7448333333,47.7407,3],[1976,8.34725,47.02505,4],[1977,8.85025,47.93045,5],[1978,8.69275,47.64695,6],[1979,8.7334166667,47.72015,7],[1980,8.9803333333,48.1646,8],[1981,9.1658333333,48.4985,9],[1982,8.6391666667,47.5505,10],[1983,9.0281666667,48.2507,1],[1984,8.6918333333,47.6453,2],[1985,8.658,47.5844,3],[1986,8.8335833333,47.90045,4],[1987,8.9944166667,48.18995,5],[1988,9.2015833333,48.56285,6],[1989,8.922,48.0596,7],[1990,9.2341666667,48.6215,8],[1991,9.1794166667,48.52295,9],[1992,8.8365833333,47.90585,10],[1993,8.8665833333,47.95985,1],[1994,9.03875,48.26975,2],[1995,9.3470833333,48.82475,3],[1996,9.0389166667,48.27005,4],[1997,9.2025833333,48.56465,5],[1998,9.5226666667,49.1408,6],[1999,9.2850833333,48.71315,7],[2000,9.2011666667,48.5621,8],[2001,9.4145833333,48.94625,9],[2002,9.5704166667,49.22675,10],[2003,9.5255833333,49.14605,1],[2004,9.3245833333,48.78425,2],[2005,9.7009166667,49.46165,3],[2006,9.5325,49.1585,4],[2007,9.7321666667,49.5179,5],[2008,9.43175,48.97715,6],[2009,9.50525,49.10945,7],[2010,9.7030833333,49.46555,8],[2011,9.516,49.1288,9],[2012,9.5073333333,49.1132,10],[2013,9.6065,49.2917,1]]}