{"columns":["Year","land_avg_fahrenheit"],"index":[0,1,2,3,4,5,6,7,8,9,10,11,12,13,14,15,16,17,18,19,20,21,22,23,24,25,26,27,28,29,30,31,32,33,34,35,36,37,38,39,40,41,42,43,44,45,46,47,48,49,50,51,52,53,54,55,56,57,58,59,60,61,62,63,64,65,66,67,68,69,70,71,72,73,74,75,76,77,78,79,80,81,82,83,84,85,86,87,88,89,90,91,92,93,94,95,96,97,98,99,100,101,102,103,104,105,106,107,108,109,110,111,112,113,114,115,116,117,118,119,120,121,122,123,124,125,126,127,128,129,130,131,132,133,134,135,136,137,138,139,140,141,142,143,144,145,146,147,148,149,150,151,152,153,154,155,156,157,158,159,160,161,162,163,164,165,166,167,168,169,170,171,172,173,174,175,176,177,178,179,180,181,182,183,184,185,186,187,188,189,190,191,192,193,194,195,196,197,198,199,200,201,202,203,204,205,206,207,208,209,210,211,212,213,214,215,216,217,218,219,220],"data":[[1793,46.8125],[1794,47.3468],[1795,47.0306],[1796,46.8878],[1797,47.31905],[1798,47.60645],[1799,47.31035],[1800,47.27165],[1801,47.4614],[1802,47.4407],[1803,47.3054],[1804,47.9207],[1805,47.41295],[1806,47.18135],[1807,46.90655],[1808,45.7283],[1809,44.73755],[1810,44.4608],[1811,44.3471],[1812,44.68325],[1813,45.93185],[1814,45.66515],[1815,45.0308],[1816,44.4875],[1817,44.5562],[1818,46.09205],[1819,45.2645],[1820,45.70925],[1821,46.56215],[1822,46.739],[1823,45.8936],[1824,47.3849],[1825,47.1008],[1826,47.04185],[1827,47.85575],[1828,46.6976],[1829,46.2953],[1830,47.33015],[1831,45.7505],[1832,45.4103],[1833,46.4234],[1834,46.66415],[1835,45.3065],[1836,45.8525],[1837,45.2762],[1838,45.52685],[1839,45.73805],[1840,46.03325],[1841,45.8387],[1842,46.44095],[1843,46.7126],[1844,45.7634],[1845,46.1321],[1846,47.39495],[1847,46.5548],[1848,46.3631],[1849,46.37195],[1850,46.2212],[1851,46.72145],[1852,46.5803],[1853,46.4753],[1854,46.7789],[1855,46.59935],[1856,46.39265],[1857,45.9647],[1858,46.58045],[1859,46.8536],[1860,46.3295],[1861,46.1237],[1862,45.60545],[1863,46.6013],[1864,46.37045],[1865,46.7201],[1866,46.9259],[1867,47.1854],[1868,46.84625],[1869,47.17775],[1870,46.7624],[1871,46.60715],[1872,46.7489],[1873,47.03195],[1874,47.1803],[1875,46.14725],[1876,46.54415],[1877,47.37125],[1878,47.89355],[1879,46.6985],[1880,46.61375],[1881,46.88765],[1882,46.63205],[1883,46.35845],[1884,45.9926],[1885,46.2554],[1886,46.3181],[1887,46.24685],[1888,46.5629],[1889,46.9742],[1890,46.349],[1891,46.4348],[1892,46.5185],[1893,46.50215],[1894,46.6898],[1895,46.6646],[1896,46.78685],[1897,46.928],[1898,46.7204],[1899,47.1134],[1900,47.30285],[1901,47.37545],[1902,46.94795],[1903,46.7963],[1904,46.56365],[1905,46.8053],[1906,47.08235],[1907,46.3049],[1908,46.73495],[1909,46.72085],[1910,46.8014],[1911,46.7186],[1912,46.69775],[1913,46.93595],[1914,47.4629],[1915,47.4677],[1916,46.80545],[1917,46.442],[1918,46.6355],[1919,47.08805],[1920,47.04575],[1921,47.4278],[1922,47.1344],[1923,47.1599],[1924,47.3123],[1925,47.36195],[1926,47.7119],[1927,47.33975],[1928,47.5379],[1929,46.83635],[1930,47.54045],[1931,47.69465],[1932,47.66945],[1933,47.00885],[1934,47.531],[1935,47.32835],[1936,47.3972],[1937,47.657],[1938,47.9546],[1939,47.7686],[1940,47.7764],[1941,47.7836],[1942,47.71115],[1943,47.75915],[1944,47.921],[1945,47.4527],[1946,47.61845],[1947,47.83475],[1948,47.74415],[1949,47.45615],[1950,47.05745],[1951,47.5262],[1952,47.54885],[1953,47.97275],[1954,47.4092],[1955,47.52725],[1956,46.90325],[1957,47.7185],[1958,47.79275],[1959,47.7188],[1960,47.45075],[1961,47.8358],[1962,47.74265],[1963,47.9408],[1964,47.1374],[1965,47.34935],[1966,47.4788],[1967,47.66015],[1968,47.3294],[1969,47.47115],[1970,47.66165],[1971,47.47865],[1972,47.29925],[1973,48.10685],[1974,47.2415],[1975,47.7407],[1976,47.02505],[1977,47.93045],[1978,47.64695],[1979,47.72015],[1980,48.1646],[1981,48.4985],[1982,47.5505],[1983,48.2507],[1984,47.6453],[1985,47.5844],[1986,47.90045],[1987,48.18995],[1988,48.56285],[1989,48.0596],[1990,48.6215],[1991,48.52295],[1992,47.90585],[1993,47.95985],[1994,48.26975],[1995,48.82475],[1996,48.27005],[1997,48.56465],[1998,49.1408],[1999,48.71315],[2000,48.5621],[2001,48.94625],[2002,49.22675],[2003,49.14605],[2004,48.78425],[2005,49.46165],[2006,49.1585],[2007,49.5179],[2008,48.97715],[2009,49.10945],[2010,49.46555],[2011,49.1288],[2012,49.1132],[2013,49.2917]]}